"Question";"Answer"
"What is a saving account or CD (Certificate of Deposit)?";"In this context, it is a savings account with a fixed maturity date and specified fixed interest rate"
"What is the difference between the withdrawal preferences options?";"Typically, programs with end of term withdrawal prefernce offer a higher interest rate. In contrast, programs with flexibility to withdraw funds every month have a slightly lower interest rate."
"What does APY mean?";"APY stands for Annual Percentage Yield. It represents the total amount of interest you can earn on an account over a year, taking into account the effect of compound interest."
"Why is the interest rate higher for longer-duration programs?";"Longer-duration programs usually come with higher interest rate because banks benefit from having your money deposited for an extended period, which they can then use to lend out at higher rates."
"Can I withdraw my money before the end of the term in a \"Saver\" ("end of term withdrawal") program?";"Typically, early withdrawal from a \"Saver\" ("end of term withdrawal") program may result in penalties or a reduction in the interest earned."
"What are the benefits of choosing a \"Flex\" ("monthly withdrawal") program?";"\"Flex\" ("monthly withdrawal") programs offer the advantage of monthly withdrawals without penalties, providing more liquidity."
"How is interest calculated and paid out?";"Interest is compounded annually and is typically paid out monthly or at the end of the term, depending on the program."
"Do these programs come with any fees?";"While some programs might come without any maintenance fees, others might have charges associated with them. It's crucial to read the program details or consult with the bank."
"How are these programs insured?";"Typically, CDs and savings accounts are insured up to a certain limit by the Federal Deposit Insurance Corporation (FDIC) or a similar entity, depending on the country and institution."
"What happens when a CD reaches its maturity?";"Upon maturity, the CD can be renewed, withdrawn, or transferred to another account type."
"How often can I deposit into these savings programs?";"Depending on the program, you may be able to deposit at any time (savings accounts) or only at the beginning of the term (CDs)."
"What is the minimum amount required to open one of these programs?";"Minimum deposit requirements vary by program and bank. Always consult the program details."
"How do taxes apply to the interest earned?";"Interest earned on CDs and savings accounts is typically considered taxable income. It's essential to consult with a tax advisor for specifics."
"Can I open multiple CDs or savings accounts at the same time?";"Yes, many banks allow customers to have multiple accounts to diversify their savings strategies."
"What happens if the bank goes out of business?";"If the bank is FDIC-insured or has similar insurance; your deposits are usually protected up to a certain limit."
"Can I add more money to a CD after it has been opened?";"Most CDs do not allow additional deposits after the initial amount. However, some special CDs might offer this feature."
"What is the difference between the APY and the interest rate?";"While the interest rate is the nominal rate you'll earn, the APY takes into account compounding effects, showing a more accurate representation of your earnings over a year."
"Are there any age restrictions for opening these programs?";"While there is typically no maximum age, some banks have minimum age requirements or offer special accounts for minors."
"How can I track the growth of my investment in these programs?";"Most banks provide online banking services that allow you to monitor your accounts, view interest earned, and track other account activities."
"Is there a grace period after my CD matures to decide what I want to do next?";"Many banks offer a grace period after CD maturity, during which you can decide whether to renew, withdraw, or make other changes without penalty."
"What rates can somenone get in a CD?";"activate function: get_product_terms"
"What amount can someone invest in a CD?";"There are no limitations on the amounts beside the currency."
"Will my money still be available to me?";"If you will choose the monthly withdrawal option, You will be able to withdraw money without penalty."